27-08-2015,Brooklyn,30.0,Manhattan,11.666666666666666,Rockland_County,20.0,Queens,13.75,Nassau_County,27.142857142857142,Westchester,16.666666666666668,Bronx,30.0
03-09-2015,Westchester,20.926470588235293,Nassau_County,20.625,Staten_Island,22.04861111111111,Manhattan,21.804195804195803,Queens,19.05,Bronx,21.909756097560976,Brooklyn,23.91072607246956,New_Jersey,29.444444444444443,Rockland_County,26.11111111111111
10-09-2015,Brooklyn,23.344609297701442,Manhattan,43.56417910447761,New_Jersey,13.333333333333334,Staten_Island,16.854368932038835,Nassau_County,26.4,Bronx,17.822580645161292,Rockland_County,26.666666666666668,Westchester,26.455882352941178,Queens,22.168560606060606
17-09-2015,Queens,20.223809523809525,Bronx,15.859649122807017,All_Boroughs,33.0,Rockland_County,30.833333333333332,Staten_Island,16.69291338582677,New_Jersey,17.5,Westchester,23.928571428571427,Manhattan,27.577551020408162,Nassau_County,28.971153846153847,Brooklyn,33.9265285996643
24-09-2015,Brooklyn,24.41450432478311,Manhattan,284.4859813084112,Rockland_County,32.04545454545455,New_Jersey,1530.2,Westchester,25.054878048780488,Queens,67.15021459227468,All_Boroughs,31.25,Bronx,37.32929515418502,Staten_Island,14.817073170731707,Nassau_County,19.107142857142858
01-10-2015,Brooklyn,26.47214854111406,Bronx,16.867697594501717,Connecticut,30.0,All_Boroughs,33.75,Nassau_County,26.041666666666668,Staten_Island,85.17175572519083,New_Jersey,7.5,Queens,21.241610738255034,Westchester,21.820000000132456,Rockland_County,12.5,Manhattan,21.411849710982658
08-10-2015,Brooklyn,28.637053910447687,Manhattan,19.276819407040218,Rockland_County,23.88888888888889,All_Boroughs,25.76923076923077,Nassau_County,18.055555555555557,New_Jersey,24.705882352941178,Staten_Island,11.725352112676056,Bronx,16.2829373650108,Westchester,21.471045197571737,Queens,21.15551839464883
15-10-2015,Brooklyn,21.532306163021868,Manhattan,22.829365079522763,New_Jersey,17.0,Rockland_County,17.5,Bronx,15.966612377850163,All_Boroughs,36.0,Westchester,18.789351852403748,Nassau_County,29.130434782608695,Staten_Island,16.862745098039216,Queens,24.841763943085876
22-10-2015,Brooklyn,23.862127930314404,Manhattan,29.811951754516677,Connecticut,30.0,Rockland_County,26.666666666666668,All_Boroughs,30.0,Staten_Island,15.821782178217822,Bronx,16.11159420289855,Nassau_County,23.68421052631579,New_Jersey,6.923076923076923,Westchester,17.098837209995402,Queens,21.321325648414987
29-10-2015,Queens,18.25115207373272,Brooklyn,21.500017821788788,New_Jersey,11.0,Rockland_County,29.166666666666668,All_Boroughs,35.0,Staten_Island,13.813559322033898,Nassau_County,32.109375,Manhattan,69.44541433886442,Westchester,18.22172619083098,Connecticut,35.0,Bronx,16.46875
05-11-2015,Queens,20.38,Brooklyn,23.136574074005086,New_Jersey,10.0,All_Boroughs,29.285714285714285,Bronx,15.620786516853933,Westchester,14.733333334009698,Staten_Island,17.25925925925926,Rockland_County,27.166666666666668,Nassau_County,28.823529411764707,Manhattan,73.80359307372724
12-11-2015,Bronx,22.294178794178794,Manhattan,26.52699530516432,Rockland_County,17.5,All_Boroughs,26.666666666666668,Westchester,15.731321840450681,Nassau_County,23.548387096774192,Brooklyn,24.041571969742126,Queens,20.48076923076923,New_Jersey,15.555555555555555,Staten_Island,18.007246376811594
19-11-2015,Queens,20.974137931034484,Bronx,16.180616740088105,All_Boroughs,32.5,Rockland_County,21.5,Brooklyn,24.788634630035208,Nassau_County,22.5,Staten_Island,16.346153846153847,Manhattan,21.080882352941178,Westchester,14.616666667991215,New_Jersey,21.0
26-11-2015,Rockland_County,19.178571428571427,Queens,21.448776758318647,All_Boroughs,30.714285714285715,Westchester,8.977083334326744,Staten_Island,15.833333333333334,Nassau_County,32.5,Manhattan,21.118466898954704,Brooklyn,21.61244918696764,New_Jersey,9.0,Bronx,17.42168674698795
03-12-2015,Manhattan,31.479591836734695,Bronx,29.666309012875537,Connecticut,20.0,Rockland_County,15.0,Westchester,15.110294121153215,Brooklyn,22.431756756756755,Nassau_County,16.4,New_Jersey,13.947368421052632,Staten_Island,16.20689655172414,All_Boroughs,35.0,Queens,29.97669491525424
10-12-2015,Staten_Island,17.205882352941178,Queens,74.48878205137757,Rockland_County,0.0,All_Boroughs,32.142857142857146,Brooklyn,21.967667436489606,Nassau_County,24.210526315789473,New_Jersey,13.571428571428571,Manhattan,24.31095406360424,Westchester,37.2,Bronx,15.976047904191617
17-12-2015,Bronx,18.446952595936793,Brooklyn,530.2216003316255,Rockland_County,16.5,All_Boroughs,27.5,Queens,20.986238532110093,Westchester,11.648148148148149,Staten_Island,17.203703703703702,Nassau_County,28.055555555555557,New_Jersey,23.333333333333332,Manhattan,20.905405405405407
24-12-2015,New_Jersey,15.0,Manhattan,20.0,Bronx,15.0,Queens,17.5,Brooklyn,20.0
31-12-2015,Brooklyn,24.164285714285715,Queens,34.301319648093845,All_Boroughs,43.333333333333336,Manhattan,23.00578034682081,Nassau_County,24.047619047619047,New_Jersey,5.0,Staten_Island,16.58730158730159,Westchester,17.071428571428573,Bronx,69.17168674698796
07-01-2016,Brooklyn,28.469325153496126,Bronx,17.209183673469386,Rockland_County,18.333333333333332,Westchester,13.482758620689655,Manhattan,23.144021739130434,New_Jersey,13.75,Nassau_County,29.166666666666668,Staten_Island,14.012345679012345,All_Boroughs,30.0,Queens,19.166370106761565
14-01-2016,Brooklyn,26.850160256410255,Queens,21.784313725490197,Rockland_County,20.0,New_Jersey,20.0,Bronx,15.416422287390029,Nassau_County,32.94736842105263,All_Boroughs,26.666666666666668,Staten_Island,18.821428571428573,Westchester,16.042857142857144,Manhattan,20.869565217391305
21-01-2016,Brooklyn,33.26440256045519,Queens,31.985714285714284,Connecticut,25.0,Rockland_County,37.5625,Nassau_County,49.827586206896555,Bronx,39.871367061356295,New_Jersey,17.22222222222222,Westchester,20.543650793650794,Manhattan,25.90337552752676,All_Boroughs,26.11111111111111,Staten_Island,39.27467811158798
28-01-2016,Manhattan,23.039383561643834,Queens,21.725746268656717,All_Boroughs,26.666666666666668,Nassau_County,22.083333333333332,Rockland_County,27.0,Bronx,17.180360721442884,Staten_Island,11.357142857142858,Westchester,21.842105263157894,New_Jersey,16.875,Connecticut,15.0,Brooklyn,65.94547872340425
04-02-2016,Brooklyn,24.345033112609098,Queens,22.052208835341364,Connecticut,28.333333333333332,New_Jersey,24.615384615384617,Rockland_County,23.333333333333332,Nassau_County,18.94736842105263,Westchester,15.81205673801138,Staten_Island,16.9,Bronx,18.521303258145362,All_Boroughs,24.0,Manhattan,19.35311750606667
11-02-2016,Queens,40.6625,Brooklyn,42.739583333488554,New_Jersey,28.333333333333332,Connecticut,15.0,Bronx,16.18888888888889,Westchester,19.285714285714285,Nassau_County,18.863636363636363,Staten_Island,16.057692307692307,Rockland_County,30.0,Manhattan,21.493197278911566
18-02-2016,Manhattan,22.97222222222222,Brooklyn,118.69791666666667,All_Boroughs,25.0,Rockland_County,17.5,Bronx,15.783549783549784,Queens,24.292134831460675,Westchester,19.18918918918919,Nassau_County,23.88888888888889,Staten_Island,14.584905660377359,New_Jersey,17.142857142857142
25-02-2016,Queens,21.57114624505929,Manhattan,101.68023255813954,Connecticut,20.0,Rockland_County,38.333333333333336,All_Boroughs,27.5,New_Jersey,20.0,Bronx,48.07634730538922,Staten_Island,13.14423076923077,Nassau_County,25.92105263157895,Westchester,18.423333333730696,Brooklyn,26.690972222281353
03-03-2016,Bronx,21.463414634146343,Brooklyn,25.302436901757364,Nassau_County,25.0,Rockland_County,20.0,All_Boroughs,30.0,New_Jersey,24.09090909090909,Queens,19.903381642512077,Staten_Island,19.45,Westchester,16.73469387755102,Manhattan,21.867391304347827
10-03-2016,Bronx,16.865617433414045,Brooklyn,24.568589743589744,Connecticut,15.0,All_Boroughs,26.666666666666668,New_Jersey,19.166666666666668,Staten_Island,12.927631578947368,Rockland_County,15.555555555555555,Queens,22.188995215311003,Nassau_County,25.25,Westchester,16.475352112676056,Manhattan,23.10861423220974
17-03-2016,Bronx,20.028846153846153,Manhattan,20.15765765765766,Rockland_County,19.0625,New_Jersey,22.142857142857142,All_Boroughs,20.0,Queens,19.714285714285715,Staten_Island,13.445454545454545,Westchester,20.914634146341463,Nassau_County,21.53846153846154,Connecticut,15.0,Brooklyn,24.54568527918782
24-03-2016,Brooklyn,27.660543130990416,Queens,25.675675675675677,All_Boroughs,40.0,Rockland_County,30.0,New_Jersey,30.0,Westchester,20.178571428571427,Manhattan,22.197986577181208,Bronx,17.42057761732852,Nassau_County,25.58823529411765,Staten_Island,13.928571428571429
31-03-2016,Rockland_County,23.75,Brooklyn,26.034705075511226,New_Jersey,18.571428571428573,Nassau_County,21.52173913043478,Manhattan,29.375328084145945,All_Boroughs,21.428571428571427,Queens,22.899590163934427,Staten_Island,16.48936170212766,Westchester,16.456521739130434,Bronx,15.869897959183673
07-04-2016,Brooklyn,30.588642659279778,Queens,47.847417840375584,Connecticut,30.0,Rockland_County,18.4,New_Jersey,19.0,Bronx,18.30053908355795,All_Boroughs,17.5,Nassau_County,25.263157894736842,Staten_Island,17.117021276595743,Westchester,13.588518518871732,Manhattan,25.78301886792453
14-04-2016,Brooklyn,26.791079812206572,Staten_Island,15.53921568627451,All_Boroughs,42.5,New_Jersey,73.0,Bronx,16.70679012345679,Westchester,13.7238562095399,Nassau_County,19.11764705882353,Manhattan,21.418727915194346,Rockland_County,22.5,Queens,21.16883116883117
21-04-2016,Bronx,16.357723577235774,Brooklyn,27.23446327683616,All_Boroughs,30.0,Rockland_County,25.0,Queens,22.872340425531913,Westchester,20.238095238095237,Staten_Island,19.821428571428573,Nassau_County,19.166666666666668,New_Jersey,15.0,Manhattan,21.588983050847457
28-04-2016,Staten_Island,15.98,Manhattan,24.933760683760685,Rockland_County,19.285714285714285,All_Boroughs,35.0,Queens,21.145833333333332,New_Jersey,22.142857142857142,Bronx,18.62081784386617,Brooklyn,28.061437908574646,Nassau_County,29.02173913043478,Westchester,20.35169491525424
05-05-2016,Brooklyn,26.461048158640228,Bronx,18.476388888888888,Nassau_County,27.321428571428573,Rockland_County,25.0,Queens,21.072874493927124,New_Jersey,16.666666666666668,Staten_Island,17.744444444444444,Manhattan,51.713494461288626,All_Boroughs,34.5,Westchester,19.36574074074074
12-05-2016,Manhattan,34.690201729106626,Bronx,17.63771712158809,Rockland_County,23.0,Westchester,20.333333333730696,Queens,20.59009009009009,New_Jersey,20.0,Nassau_County,25.0,Staten_Island,19.23913043478261,All_Boroughs,25.833333333333332,Brooklyn,26.02798982188295
19-05-2016,Queens,20.590733590733592,Brooklyn,27.064707398829494,Connecticut,10.0,All_Boroughs,22.5,New_Jersey,25.0,Staten_Island,17.372549019607842,Nassau_County,24.473684210526315,Westchester,20.919444444775582,Bronx,18.117977528089888,Rockland_County,18.575,Manhattan,25.95
26-05-2016,Staten_Island,17.727272727272727,Brooklyn,24.991364421467708,Rockland_County,30.0,All_Boroughs,18.333333333333332,Manhattan,23.08257535245088,Westchester,18.152173913043477,Nassau_County,22.383333333333333,Bronx,18.77106227106227,New_Jersey,7.777777777777778,Queens,18.235930735930737
02-06-2016,Queens,21.262057877813504,Rockland_County,18.333333333333332,New_Jersey,18.333333333333332,All_Boroughs,33.333333333333336,Manhattan,22.970673635238555,Staten_Island,16.57608695652174,Westchester,18.235294117647058,Brooklyn,23.4053871782001,Nassau_County,17.941176470588236,Bronx,16.57608695652174
09-06-2016,Westchester,17.1,Manhattan,38.229166666666664,All_Boroughs,0.0,Queens,19.550359712230215,Brooklyn,26.263157894736842,Nassau_County,14.7719298256071,Bronx,16.824324324324323,Staten_Island,18.125,Rockland_County,20.0,New_Jersey,15.833333333333334
16-06-2016,Queens,45.72335329348456,Brooklyn,22.928435374036127,All_Boroughs,0.0,Rockland_County,22.5,Staten_Island,12.145833333333334,Bronx,17.675675675675677,Nassau_County,29.09090909090909,Connecticut,15.0,New_Jersey,11.666666666666666,Westchester,15.555555555555555,Manhattan,21.62023070102893
23-06-2016,Queens,29.934065934065934,Staten_Island,12.916666666666666,All_Boroughs,0.0,Manhattan,26.608695652173914,Westchester,23.75,Nassau_County,18.333333333333332,Brooklyn,27.175213675086315,Rockland_County,30.0,Bronx,18.30952380952381
30-06-2016,Manhattan,20.680555555555557,Queens,16.20689655172414,Bronx,18.367088607594937,Rockland_County,17.5,Westchester,20.25,Brooklyn,23.011627906976745,All_Boroughs,0.0,Staten_Island,17.142857142857142
07-07-2016,Brooklyn,21.94241573033708,Manhattan,22.83492822966507,Nassau_County,20.783333334326745,Bronx,18.954545454545453,All_Boroughs,0.800000011920929,Rockland_County,23.125,Queens,19.10632183908046,Westchester,18.333333333333332,Staten_Island,29.772727272727273
14-07-2016,Westchester,20.652173913043477,Staten_Island,30.597826086956523,Rockland_County,30.0,New_Jersey,45.0,Manhattan,37.77872340425532,Bronx,17.639423076923077,Nassau_County,14.583333333333334,Queens,17.016871165644172,All_Boroughs,0.0,Brooklyn,22.88888888888889
21-07-2016,Brooklyn,21.46133333349228,Westchester,21.890243902439025,Rockland_County,27.5,Bronx,16.002732240437158,Nassau_County,27.142857142857142,Staten_Island,29.083333333333332,Queens,17.833333333333332,All_Boroughs,0.6666666865348816,Manhattan,29.069327731092436
28-07-2016,Queens,19.023114355376165,Brooklyn,25.330152671755727,All_Boroughs,15.444444447755814,Westchester,20.233333333333334,Nassau_County,11.923076923076923,Bronx,17.77469135802469,Manhattan,30.73560209424084,Rockland_County,21.25,Staten_Island,30.535714285714285
04-08-2016,Brooklyn,22.545000000596048,Westchester,19.642857142857142,Rockland_County,15.0,Staten_Island,18.94736842105263,Queens,19.682098765616065,Manhattan,30.20359281437126,Nassau_County,15.416666666666666,Bronx,16.56551724137931
11-08-2016,Queens,22.803030303030305,Brooklyn,22.660919540914996,Westchester,14.090909090909092,Staten_Island,26.875,Nassau_County,10.681818181818182,Manhattan,25.76923076923077,Bronx,16.6
18-08-2016,Queens,20.0,Nassau_County,30.0,Brooklyn,37.5,Manhattan,30.0,Westchester,20.0,Bronx,45.0
25-08-2016,Manhattan,15.0,Brooklyn,20.0,Westchester,24.0
01-09-2016,Brooklyn,63.854532163394126,Westchester,22.740384615384617,New_Jersey,32.22222222222222,Staten_Island,18.333333333333332,Rockland_County,16.0,Nassau_County,19.615384615384617,Manhattan,24.46078431372549,Queens,18.321428571428573,Connecticut,30.0,Bronx,19.33783783783784
08-09-2016,Brooklyn,30.88800984533024,Staten_Island,17.772108843537413,All_Boroughs,45.0,Connecticut,23.333333333333332,Rockland_County,29.0,Manhattan,27.00679347826087,Westchester,22.323076923076922,New_Jersey,22.321428571428573,Bronx,17.718241042345277,Nassau_County,19.49,Queens,19.206128133704734
15-09-2016,Queens,20.141251221954647,Bronx,19.363836017569547,Connecticut,0.0,All_Boroughs,43.333333333333336,Rockland_County,19.055555555555557,Staten_Island,14.793103448275861,Westchester,26.923076923076923,Nassau_County,29.72972972972973,Brooklyn,31.98074513215285,New_Jersey,22.17391304347826,Manhattan,37.540074750850366
22-09-2016,Manhattan,32.51610803780632,Brooklyn,26.29036908877762,All_Boroughs,37.5,Connecticut,17.5,Nassau_County,29.8125,Bronx,46.488308115543326,Rockland_County,27.166666666666668,Westchester,23.454545454545453,Queens,26.81524926686217,New_Jersey,21.05263157894737,Staten_Island,14.398584905660377
29-09-2016,Brooklyn,27.52719560872295,Bronx,18.1320293398533,All_Boroughs,45.0,Connecticut,10.0,Rockland_County,31.666666666666668,Staten_Island,15.140625,Westchester,24.43548387096774,Nassau_County,33.63636363636363,Queens,18.15730337078652,New_Jersey,1930.7,Manhattan,29.23231707317073
06-10-2016,Brooklyn,30.715009746495742,Manhattan,29.809302325581395,Rockland_County,30.0,Staten_Island,18.08219178082192,New_Jersey,20.714285714285715,Westchester,25.0,Bronx,18.392857142857142,Nassau_County,32.26190476190476,Queens,20.299418604651162
13-10-2016,Brooklyn,26.77484472051638,Bronx,18.184899845916796,Rockland_County,5.0,All_Boroughs,35.0,Westchester,24.818181818181817,Manhattan,28.817853457233856,New_Jersey,17.5,Nassau_County,26.11111111111111,Staten_Island,14.71264367816092,Connecticut,15.0,Queens,22.325174825174827
20-10-2016,Westchester,37.171052631578945,Brooklyn,28.78231707317073,Connecticut,15.0,Rockland_County,35.714285714285715,All_Boroughs,32.5,Staten_Island,14.945255474452555,Nassau_County,27.5,Bronx,17.039695945945947,Queens,21.174295774647888,New_Jersey,18.0,Manhattan,28.305084745762713
27-10-2016,Bronx,16.26738794435858,Staten_Island,18.30827067669173,Connecticut,18.75,Rockland_County,24.0,All_Boroughs,35.0,Manhattan,26.485411140583555,Westchester,41.5234375,New_Jersey,33.18181818181818,Queens,23.102564102564102,Nassau_County,24.857142857142858,Brooklyn,133.42594433399603
03-11-2016,Manhattan,24.218619246861923,Queens,23.35648148148148,Rockland_County,44.0,All_Boroughs,30.0,New_Jersey,26.53846153846154,Staten_Island,17.109375,Nassau_County,15.526315789473685,Westchester,39.11290322580645,Brooklyn,37.935969868117134,Connecticut,17.5,Bronx,18.12526096033403
10-11-2016,Bronx,18.889149102310387,Staten_Island,16.1046511627907,Rockland_County,26.428571428571427,Nassau_County,20.359375,All_Boroughs,35.714285714285715,Queens,21.095764272450083,Westchester,41.5,New_Jersey,20.454545454545453,Manhattan,25.092905405405407,Connecticut,15.0,Brooklyn,25.596100278551532
17-11-2016,Queens,24.912393162393162,Manhattan,25.80708180700903,Connecticut,20.0,Rockland_County,32.5,All_Boroughs,30.0,Brooklyn,26.3926735218509,Nassau_County,25.0,Westchester,47.5,Bronx,19.420081967213115,New_Jersey,25.454545454545453,Staten_Island,15.86111111111111
24-11-2016,Brooklyn,29.27522796356207,Bronx,19.59646302250804,New_Jersey,29.166666666666668,Rockland_County,31.25,Queens,27.908653846153847,Westchester,44.53947368421053,All_Boroughs,35.0,Staten_Island,19.035087719298247,Nassau_County,21.818181818181817,Manhattan,24.374485596707817
01-12-2016,Bronx,17.810344827586206,Queens,21.191860465116278,Connecticut,20.0,New_Jersey,20.0,Rockland_County,50.45454545454545,Manhattan,24.009287925696594,Nassau_County,23.80952380952381,All_Boroughs,25.0,Staten_Island,26.964285714285715,Westchester,44.088235294117645,Brooklyn,25.284774435530032
08-12-2016,Bronx,17.091439688715955,Brooklyn,25.232921083592693,Rockland_County,46.666666666666664,All_Boroughs,36.25,Staten_Island,17.1875,Queens,21.884765625,Manhattan,54.56456456456456,Westchester,40.69672131147541,New_Jersey,86.66666666666667,Nassau_County,25.673076923076923
15-12-2016,Bronx,18.635454545454547,Manhattan,30.471186440677965,Rockland_County,52.5,Nassau_County,28.5,Brooklyn,20.99909872431525,Westchester,41.516129032258064,New_Jersey,35.833333333333336,Staten_Island,17.254901960784313,All_Boroughs,36.0,Queens,33.857142857142854
22-12-2016,Staten_Island,11.333333333333334,Brooklyn,19.963541666666668,Westchester,29.375,Manhattan,26.75925925925926,All_Boroughs,30.0,Nassau_County,20.0,Bronx,17.25,Rockland_County,0.0,Queens,19.391666666666666
29-12-2016,Brooklyn,27.652003910010162,Staten_Island,17.12962962962963,New_Jersey,13.0,Westchester,48.62068965517241,Queens,19.963503649635037,Rockland_County,20.0,Nassau_County,25.0,Manhattan,26.38888888888889,All_Boroughs,40.0,Bronx,16.933760683760685
05-01-2017,Queens,22.995738636363637,Brooklyn,31.657741450604888,Rockland_County,40.0,All_Boroughs,38.333333333333336,Manhattan,30.699757869249396,Staten_Island,19.321052631578947,Nassau_County,23.69047619047619,New_Jersey,22.8125,Westchester,43.63636363636363,Bronx,18.813858695652176
12-01-2017,Nassau_County,31.304347826086957,Staten_Island,21.9672131147541,All_Boroughs,45.0,Rockland_County,22.5,Brooklyn,25.63601868071197,New_Jersey,32.666666666666664,Manhattan,29.78018575851393,Queens,21.441798941798943,Westchester,45.05102040816327,Bronx,20.418518518518518
19-01-2017,Brooklyn,30.9169765839892,New_Jersey,21.875,Rockland_County,20.0,Manhattan,53.476618705035975,Nassau_County,22.5,Westchester,46.45161290322581,Queens,41.757510729613735,Staten_Island,21.855263157894736,Bronx,20.30559646539028
26-01-2017,Rockland_County,38.333333333333336,Bronx,23.233922829581992,Connecticut,19.166666666666668,All_Boroughs,30.0,New_Jersey,19.6875,Brooklyn,23.70614035087719,Westchester,81.94,Queens,17.65099714963864,Manhattan,24.446774193548386,Nassau_County,27.589285714285715,Staten_Island,23.75
02-02-2017,Queens,22.455445544554454,Staten_Island,22.076923076923077,Rockland_County,46.666666666666664,Connecticut,21.071428571428573,Manhattan,24.579257246430803,Westchester,79.43137254901961,New_Jersey,16.2,Bronx,19.410857908847184,Nassau_County,21.964285714285715,Brooklyn,39.770786933882995
09-02-2017,Manhattan,106.04036458339542,Brooklyn,25.81970983731013,Connecticut,32.5,Rockland_County,45.0,Staten_Island,19.41176470588235,Nassau_County,35.57142857142857,New_Jersey,23.80952380952381,Queens,40.33467741935484,Westchester,40.174418604651166,Bronx,23.487290167894294
16-02-2017,Brooklyn,26.24319306930693,Bronx,18.835616438356166,Rockland_County,17.5,Connecticut,22.5,Staten_Island,20.104166666666668,Nassau_County,40.0,Manhattan,20.94471153846154,New_Jersey,23.333333333333332,Westchester,54.0,Queens,23.705882352941178
23-02-2017,Brooklyn,26.498802265016042,Bronx,21.425380952528545,Rockland_County,55.0,All_Boroughs,40.0,Connecticut,17.5,Westchester,34.4,New_Jersey,30.416666666666668,Staten_Island,22.16346153846154,Manhattan,23.528282828403242,Nassau_County,23.157894736842106,Queens,26.129943502824858
02-03-2017,Brooklyn,23.805831755065203,Staten_Island,20.884146341463413,All_Boroughs,40.0,Rockland_County,20.0,Connecticut,15.0,Manhattan,25.486622073578594,Westchester,45.794871794871796,Nassau_County,32.10526315789474,Bronx,18.762535310776556,New_Jersey,25.0,Queens,49.15700483091788
09-03-2017,New_Jersey,17.857142857142858,Queens,29.54977375565611,Rockland_County,60.0,All_Boroughs,30.0,Bronx,26.137759892753433,Nassau_County,41.333333333333336,Brooklyn,29.07368421059236,Staten_Island,22.99342105263158,Westchester,54.0625,Manhattan,31.850914205428417
16-03-2017,Brooklyn,27.360639413197834,Manhattan,25.307153392286427,All_Boroughs,22.5,New_Jersey,17.916666666666668,Bronx,19.523034664249685,Nassau_County,29.86021505440435,Westchester,44.975806451612904,Staten_Island,21.336391437491145,Rockland_County,35.0,Queens,21.726072607260726
23-03-2017,Brooklyn,97.60915197323192,Queens,22.247899159663866,Connecticut,13.333333333333334,Rockland_County,37.142857142857146,New_Jersey,37.5,Staten_Island,23.092105263157894,Nassau_County,36.52173913043478,All_Boroughs,23.333333333333332,Bronx,20.099153846227207,Westchester,44.5,Manhattan,25.884517766497463
30-03-2017,Brooklyn,27.7245,Manhattan,50.056006493506494,Rockland_County,11.818181818181818,Connecticut,15.0,Bronx,17.910892388482733,Westchester,41.05555555555556,Queens,24.65,Staten_Island,20.884955752212388,New_Jersey,26.73913043478261,Nassau_County,39.53947368421053
06-04-2017,Brooklyn,25.71045197740113,Staten_Island,22.321428571428573,Connecticut,0.0,Rockland_County,60.0,Queens,25.87962962962963,New_Jersey,19.0,Nassau_County,20.0,Bronx,17.324818402023638,Westchester,43.05555555555556,Manhattan,24.17257085020243
13-04-2017,Manhattan,24.96875,Brooklyn,29.195652173913043,Rockland_County,60.0,Connecticut,20.0,Bronx,17.992781557193418,Staten_Island,19.807692307692307,New_Jersey,25.0,Westchester,36.44230769230769,Queens,23.93258426966292,Nassau_County,32.72727272727273
20-04-2017,Manhattan,25.865421303694504,Brooklyn,79.70759947822519,Connecticut,20.0,New_Jersey,25.0,All_Boroughs,33.333333333333336,Bronx,19.09946031752087,Nassau_County,27.285714285714285,Rockland_County,52.5,Queens,22.186468646864686,Westchester,55.166666666666664,Staten_Island,22.880434782608695
27-04-2017,Bronx,17.463271604975066,Staten_Island,21.61904761904762,All_Boroughs,10.0,Rockland_County,30.555555555555557,New_Jersey,15.76923076923077,Queens,21.750936329588015,Connecticut,35.0,Westchester,45.1,Manhattan,22.53802172673505,Nassau_County,18.885416666666668,Brooklyn,26.74714375395335
04-05-2017,Manhattan,22.963276123200203,Queens,20.951882845188283,All_Boroughs,50.0,Connecticut,15.0,Rockland_County,25.0,Brooklyn,28.231152927095746,Nassau_County,28.81578947368421,Westchester,43.04347826086956,Staten_Island,24.541984732824428,New_Jersey,20.0,Bronx,18.643564356435643
11-05-2017,Queens,23.713503649635037,Manhattan,22.41167434715822,Connecticut,23.75,All_Boroughs,0.0,Westchester,40.775862068965516,Brooklyn,27.303044280442805,New_Jersey,20.625,Bronx,18.501920122887864,Nassau_County,32.5,Rockland_County,25.5,Staten_Island,24.22222222222222
18-05-2017,Bronx,17.289972899728998,Queens,22.02750611246944,All_Boroughs,30.0,Rockland_County,29.375,Staten_Island,23.799342105263158,Westchester,63.25735294117647,Nassau_County,30.520833333333332,Manhattan,27.277703004120816,New_Jersey,25.294117647058822,Brooklyn,26.43926788685524
25-05-2017,Queens,23.01025641025641,Westchester,40.333333333333336,Connecticut,20.0,All_Boroughs,16.666666666666668,Rockland_County,35.625,Manhattan,26.780230326295584,New_Jersey,23.214285714285715,Brooklyn,26.36730769230769,Staten_Island,23.55140186915888,Nassau_County,27.2,Bronx,19.524647887323944
01-06-2017,Brooklyn,26.26847662146275,Bronx,17.87,Connecticut,20.0,New_Jersey,22.916666666666668,All_Boroughs,30.0,Queens,22.3203125,Nassau_County,36.388888888888886,Westchester,48.92857142857143,Staten_Island,24.071969696969695,Rockland_County,10.0,Manhattan,27.28762949428349
08-06-2017,Nassau_County,28.0,Bronx,19.463824289405686,All_Boroughs,25.0,Connecticut,15.0,Staten_Island,22.357142857142858,Queens,19.826121795062836,Rockland_County,60.0,Westchester,51.59090909090909,Brooklyn,23.502054794520546,New_Jersey,24.09090909090909,Manhattan,49.12262156448203
15-06-2017,Queens,21.53061224489796,Bronx,20.430825242718445,All_Boroughs,30.0,Staten_Island,22.825,Westchester,37.0,Nassau_County,31.442307692307693,Manhattan,25.27432712215321,New_Jersey,26.428571428571427,Brooklyn,26.36675824175824
22-06-2017,Bronx,20.954545454545453,Manhattan,25.85249042145594,Nassau_County,13.75,Staten_Island,23.4,New_Jersey,23.75,Westchester,72.0,Queens,18.30708661417323,Rockland_County,15.0,Brooklyn,29.8989898989899
29-06-2017,Brooklyn,29.813953488372093,Manhattan,26.071428571428573,New_Jersey,45.0,Connecticut,45.0,Westchester,31.875,Rockland_County,30.0,Nassau_County,24.0,Queens,18.7,Staten_Island,29.09090909090909,Bronx,20.916666666666668
06-07-2017,Staten_Island,26.09375,Bronx,25.80315315320685,Rockland_County,31.875,New_Jersey,45.0,Nassau_County,21.5625,Brooklyn,23.607142857142858,Queens,18.369175627026507,Westchester,28.833333333333332,All_Boroughs,0.0,Manhattan,25.859375
13-07-2017,Manhattan,25.92441421017355,Brooklyn,22.038744588951012,All_Boroughs,25.0,Queens,18.91949152542373,Westchester,24.142857142857142,Nassau_County,21.25,Bronx,21.20108695652174,Rockland_County,25.0,Staten_Island,24.642857142857142
20-07-2017,Brooklyn,21.841216216216218,Queens,21.095238095238095,Rockland_County,22.5,Nassau_County,21.0,Staten_Island,26.666666666666668,Westchester,67.65573770491804,Bronx,24.410919540229884,New_Jersey,25.0,Manhattan,37.79503105590062
27-07-2017,Manhattan,24.829710144927535,Brooklyn,22.98872180451128,Bronx,22.921511627906977,Rockland_County,10.0,Queens,13.77061855670103,Staten_Island,26.46511627906977,Nassau_County,22.5,Westchester,23.125
03-08-2017,Manhattan,23.09027777777778,Bronx,22.126666666666665,Brooklyn,21.438356164383563,Staten_Island,21.805555555555557,Westchester,30.90909090909091,New_Jersey,45.0,Rockland_County,0.0,Queens,17.091836734693878
31-08-2017,Manhattan,30.25,Brooklyn,24.65,Connecticut,7.5,Rockland_County,38.0,Westchester,26.583333333333332,Bronx,16.285714285714285,Nassau_County,12.25,New_Jersey,34.125,Staten_Island,7.6,Queens,25.75
07-09-2017,Queens,24.51541095890411,Brooklyn,28.550995024875622,Nassau_County,20.38095238095238,New_Jersey,44.73809523809524,Bronx,20.006476683937823,Westchester,25.836734693877553,Staten_Island,30.033898305084747,Rockland_County,27.833333333333332,Manhattan,34.60431654676259
14-09-2017,Queens,23.980988593155892,Manhattan,36.80975609756098,Connecticut,23.0,Rockland_County,30.3125,New_Jersey,46.2,Staten_Island,31.98846153846154,Nassau_County,23.458333333333332,Westchester,38.63846153846154,Bronx,18.596629213483148,All_Boroughs,41.0,Brooklyn,27.070815450643778
21-09-2017,Brooklyn,26.221884498480243,Bronx,17.428954423592494,All_Boroughs,38.0,Connecticut,23.0,Rockland_County,38.0,Westchester,34.6875,Staten_Island,34.13917525773196,Nassau_County,30.384615384615383,Queens,26.722826086956523,New_Jersey,46.708333333333336,Manhattan,35.68482142857143
28-09-2017,Manhattan,35.544021739130436,Queens,23.208333333333332,Connecticut,23.0,Rockland_County,39.0,All_Boroughs,29.666666666666668,Bronx,16.08262711864407,Westchester,33.70238095238095,Nassau_County,23.333333333333332,Staten_Island,29.45876288659794,New_Jersey,53.0,Brooklyn,25.88150289017341
05-10-2017,Brooklyn,24.007739938080494,Bronx,16.972584856396868,Connecticut,23.0,New_Jersey,43.76923076923077,Rockland_County,30.375,Manhattan,33.92750373692078,All_Boroughs,35.0,Staten_Island,22.200854700854702,Queens,20.36627906976744,Westchester,27.257575757575758,Nassau_County,24.729166666666668
12-10-2017,Brooklyn,24.782208588957054,Westchester,34.30263157894737,New_Jersey,48.0,Rockland_County,22.916666666666668,Bronx,18.196330275229357,All_Boroughs,29.0,Staten_Island,25.45505617977528,Manhattan,34.364217252396166,Nassau_County,33.282051282051285,Queens,22.08966565349544
19-10-2017,Staten_Island,24.991017964071855,Bronx,18.799832495812396,All_Boroughs,40.142857142857146,Rockland_County,13.25,Brooklyn,22.200389105058367,Nassau_County,19.96875,Westchester,30.49122807017544,Manhattan,32.901649746192895,New_Jersey,53.0,Queens,24.981012658227847
26-10-2017,Brooklyn,28.344306049822062,Bronx,17.211111111111112,New_Jersey,39.535714285714285,Rockland_County,27.916666666666668,All_Boroughs,29.5,Manhattan,33.3306148055207,Nassau_County,26.95945945945946,Westchester,28.0,Staten_Island,25.778625954198475,Connecticut,26.75,Queens,21.294692737430168
02-11-2017,Bronx,18.669708029197082,Manhattan,32.30971128608924,New_Jersey,46.4375,Connecticut,23.0,Queens,22.771523178807946,Westchester,23.272727272727273,Staten_Island,26.147540983606557,Nassau_County,31.92105263157895,Rockland_County,30.5,Brooklyn,22.89814814814815
09-11-2017,Nassau_County,28.09090909090909,Bronx,20.12727272727273,All_Boroughs,23.0,Connecticut,33.0,Rockland_County,18.636363636363637,Brooklyn,20.755364806866954,Westchester,40.0,Staten_Island,23.541666666666668,Queens,24.5032154340836,New_Jersey,37.92857142857143,Manhattan,34.425253991291726
16-11-2017,Brooklyn,23.957286432160803,Manhattan,31.8841059602649,Rockland_County,38.0,New_Jersey,41.56521739130435,Staten_Island,23.293893129770993,Nassau_County,31.529411764705884,Bronx,18.762054507337528,Westchester,29.60169491525424,Connecticut,38.0,Queens,24.783557046979865
23-11-2017,Manhattan,35.27980132450331,Staten_Island,26.335164835164836,Connecticut,38.0,New_Jersey,29.0,Queens,28.192307692307693,Rockland_County,34.25,Bronx,20.02777777777778,Nassau_County,26.59375,Westchester,41.145161290322584,Brooklyn,21.795546558704455
30-11-2017,Bronx,19.50877192982456,Queens,21.22553191489362,All_Boroughs,0.0,Connecticut,45.5,Brooklyn,23.130769230769232,Nassau_County,31.375,Westchester,37.024193548387096,Staten_Island,21.21167883211679,New_Jersey,37.875,Manhattan,34.00618556701031
07-12-2017,Brooklyn,24.151600753295668,Bronx,18.588502269288956,All_Boroughs,0.0,Rockland_County,35.0,Connecticut,38.0,Queens,20.23224852071006,New_Jersey,43.0,Nassau_County,28.73913043478261,Staten_Island,24.65714285714286,Westchester,29.616883116883116,Manhattan,33.05869242199108
14-12-2017,Manhattan,33.5265625,Brooklyn,24.749670619235836,Rockland_County,30.5,Connecticut,31.4375,New_Jersey,41.0,Queens,21.793333333333333,Staten_Island,23.368852459016395,Bronx,20.042529989094874,All_Boroughs,32.0,Westchester,39.88942307692308,Nassau_County,25.918367346938776
21-12-2017,Bronx,19.91576086956522,Queens,21.10683760683761,Rockland_County,22.833333333333332,New_Jersey,43.0,Manhattan,32.60780669144982,Westchester,27.41176470588235,Connecticut,23.0,Staten_Island,26.296610169491526,Nassau_County,22.473684210526315,Brooklyn,23.9625
28-12-2017,Brooklyn,36.59386281588448,Manhattan,35.56804733727811,Rockland_County,75.5,Nassau_County,49.25,Queens,24.443708609271525,Westchester,39.5,Staten_Island,27.145569620253166,New_Jersey,43.0,All_Boroughs,38.0,Bronx,21.413265306122447
04-01-2018,Bronx,25.90117994100295,Queens,26.322695035460992,Connecticut,23.0,New_Jersey,35.857142857142854,Manhattan,35.29838709677419,Nassau_County,29.379310344827587,Staten_Island,26.660714285714285,Westchester,35.85897435897436,Rockland_County,42.05555555555556,Brooklyn,36.46183800623053
11-01-2018,Manhattan,32.73053278688525,Bronx,20.86404833836858,Connecticut,38.0,Rockland_County,35.0,Brooklyn,28.538031319910516,Westchester,31.27777777777778,Staten_Island,21.952898550724637,Nassau_County,29.28125,New_Jersey,27.833333333333332,Queens,20.229571984435797
18-01-2018,Queens,21.838509316770185,Brooklyn,28.859962406015036,Connecticut,23.0,Rockland_County,38.0,All_Boroughs,53.0,Bronx,18.81774193548387,Nassau_County,36.142857142857146,Westchester,28.92391304347826,Manhattan,32.948640483383684,New_Jersey,43.526315789473685,Staten_Island,24.857512953367877
25-01-2018,Brooklyn,28.05575221238938,Bronx,17.157335907335906,Connecticut,0.0,All_Boroughs,58.0,Rockland_County,35.857142857142854,Nassau_County,28.3625,Westchester,31.818181818181817,Manhattan,30.26601941747573,Staten_Island,23.37192118226601,New_Jersey,32.57142857142857,Queens,21.55757575757576
01-02-2018,Bronx,22.25075987841945,Manhattan,30.673854447439354,Connecticut,23.0,Rockland_County,30.5,Brooklyn,27.43679775280899,Nassau_County,18.38235294117647,Westchester,39.22222222222222,Staten_Island,25.52573529411765,New_Jersey,40.142857142857146,Queens,24.757911392405063
08-02-2018,Bronx,22.7280163599182,Queens,25.37704918032787,Connecticut,23.0,Rockland_County,48.0,Staten_Island,25.154605263157894,Westchester,21.354166666666668,New_Jersey,34.1875,Manhattan,28.322052401746724,Nassau_County,32.18181818181818,Brooklyn,28.674364896073904
15-02-2018,Staten_Island,22.951612903225808,Bronx,26.919642857142858,Queens,28.098684210526315,Nassau_County,34.25,New_Jersey,23.0,Manhattan,29.472027972027973,Westchester,24.76,Brooklyn,27.8375
22-02-2018,Brooklyn,29.10595238095238,Staten_Island,24.882608695652173,Rockland_County,41.75,Nassau_County,31.16216216216216,New_Jersey,53.0,Queens,24.541666666666668,Manhattan,32.7882096069869,Westchester,33.333333333333336,Bronx,24.308823529411764
01-03-2018,Bronx,27.016873889875665,Brooklyn,28.60347432024169,Rockland_County,38.0,Queens,22.42378752886836,Nassau_County,38.28030303030303,Westchester,28.05263157894737,Staten_Island,26.639285714285716,New_Jersey,48.38461538461539,Manhattan,32.67626886145405
08-03-2018,Bronx,22.82202304737516,Queens,25.628691983122362,Rockland_County,34.97222222222222,Manhattan,32.29948914431673,Westchester,29.528846153846153,Nassau_County,32.19491525423729,Staten_Island,23.929961089494164,New_Jersey,50.0,Brooklyn,26.53740458015267
15-03-2018,Bronx,24.008,Queens,21.283276450511945,Westchester,29.40277777777778,Manhattan,32.51814223512337,Nassau_County,28.076923076923077,New_Jersey,33.0,Staten_Island,24.755244755244757,Rockland_County,37.11764705882353,Brooklyn,28.136521739130433
22-03-2018,Brooklyn,32.976851851851855,Manhattan,32.53128991060026,Rockland_County,27.45,Queens,27.221635883905012,New_Jersey,41.46153846153846,Nassau_County,35.36585365853659,Staten_Island,25.224390243902437,Westchester,22.903225806451612,Bronx,26.114264919941775
29-03-2018,Bronx,25.577981651376145,Brooklyn,24.12676056338028,Staten_Island,24.071428571428573,New_Jersey,43.0,Nassau_County,23.0,Queens,19.536585365853657,Westchester,15.25,Manhattan,30.836206896551722
05-04-2018,Brooklyn,30.917460317460318,Manhattan,33.03298153034301,Rockland_County,38.0,New_Jersey,43.0,Bronx,24.198666666666668,Queens,29.922131147540984,Westchester,38.3,All_Boroughs,23.0,Staten_Island,24.616666666666667,Nassau_County,25.5
12-04-2018,Bronx,21.517992424242426,Queens,26.08703703703704,All_Boroughs,53.0,New_Jersey,39.8125,Westchester,47.15,Staten_Island,23.42,Rockland_County,38.0,Manhattan,34.2038626609442,Nassau_County,27.5875,Brooklyn,30.514130434782608
19-04-2018,Bronx,20.746019108280255,Brooklyn,31.523529411764706,New_Jersey,32.95238095238095,Westchester,28.23404255319149,Staten_Island,22.87878787878788,Nassau_County,29.92391304347826,Manhattan,34.13495575221239,Rockland_County,29.0,Queens,30.70614035087719
26-04-2018,Brooklyn,31.74956369982548,Bronx,23.289531079607414,Connecticut,7.5,Rockland_County,33.90909090909091,Queens,28.319327731092436,Westchester,34.11029411764706,New_Jersey,44.45454545454545,Staten_Island,23.515,Nassau_County,28.839622641509433,Manhattan,33.678927680798004
03-05-2018,Bronx,24.451612903225808,Brooklyn,32.73558648111332,Connecticut,53.0,Rockland_County,33.90909090909091,Queens,29.691358024691358,Westchester,32.93269230769231,Nassau_County,36.53409090909091,Manhattan,34.90909090909091,New_Jersey,35.0625,Staten_Island,23.664596273291924
10-05-2018,Brooklyn,33.22049689440994,Manhattan,34.37196261682243,New_Jersey,38.0,Connecticut,41.75,Staten_Island,22.86060606060606,Nassau_County,29.313953488372093,Bronx,28.502868068833653,Westchester,33.18055555555556,Rockland_County,35.03846153846154,Queens,30.172566371681416
17-05-2018,Brooklyn,34.1745182012848,Manhattan,33.71917808219178,All_Boroughs,0.0,Connecticut,53.0,New_Jersey,43.642857142857146,Rockland_County,37.27272727272727,Westchester,32.5,Bronx,29.659300184162063,Staten_Island,23.51358695652174,Nassau_County,32.47872340425532,Queens,29.39804469273743
24-05-2018,Queens,28.705980066445182,Brooklyn,30.536,New_Jersey,50.0,Bronx,33.27647058823529,Staten_Island,23.255395683453237,Nassau_County,29.607142857142858,Rockland_County,40.5,Westchester,35.24242424242424,Manhattan,29.248407643312103
31-05-2018,Manhattan,31.244462025316455,Queens,29.277631578947368,Connecticut,53.0,New_Jersey,52.7,Brooklyn,32.359437751004016,Rockland_County,32.0,Westchester,31.058823529411764,Staten_Island,22.576470588235296,Nassau_County,27.614035087719298,Bronx,30.39762340036563
07-06-2018,Brooklyn,31.477906976744187,Manhattan,33.94649805447471,Rockland_County,32.0,Staten_Island,24.153543307086615,Nassau_County,28.0,New_Jersey,44.09375,Queens,27.383223684210527,Westchester,35.03030303030303,Bronx,32.802742616033754
14-06-2018,Manhattan,32.174193548387095,Brooklyn,30.975806451612904,Rockland_County,38.0,Queens,29.24390243902439,New_Jersey,47.375,Nassau_County,28.9,Bronx,27.300824175824175,Westchester,39.4,Staten_Island,23.25
21-06-2018,Manhattan,34.875,Brooklyn,31.545454545454547,Queens,29.88095238095238,Rockland_County,38.0,Nassau_County,45.5,Staten_Island,23.0,New_Jersey,53.0,Bronx,39.975
30-08-2018,Manhattan,31.815217391304348,Queens,26.550761421319798,Rockland_County,53.0,Bronx,25.479166666666668,Staten_Island,25.26388888888889,New_Jersey,38.0,Nassau_County,26.55,Westchester,57.5,Brooklyn,29.016025641025642
06-09-2018,Bronx,24.867990654205606,Queens,25.555269922879177,Nassau_County,27.178571428571427,Rockland_County,28.5,Connecticut,23.0,New_Jersey,32.19230769230769,Westchester,31.09722222222222,Staten_Island,25.166666666666668,Manhattan,34.90567951318459,All_Boroughs,26.565217391304348,Brooklyn,33.475
13-09-2018,Westchester,31.73076923076923,Brooklyn,29.381399317406142,New_Jersey,30.38888888888889,All_Boroughs,20.785714285714285,Bronx,27.05920114122682,Staten_Island,27.684684684684683,Rockland_County,23.0,Queens,24.916666666666668,Nassau_County,22.785714285714285,Manhattan,37.366127583108714
20-09-2018,Bronx,28.513636363636362,Manhattan,39.50986547085202,Connecticut,7.5,Rockland_County,25.307692307692307,New_Jersey,38.77777777777778,Queens,24.494718309859156,Nassau_County,33.109756097560975,All_Boroughs,13.958333333333334,Staten_Island,33.73456790123457,Westchester,26.955223880597014,Brooklyn,33.71553398058253
27-09-2018,Manhattan,40.32703777335984,Bronx,25.964406779661015,All_Boroughs,12.666666666666666,Connecticut,7.5,Brooklyn,37.53754266211604,Nassau_County,38.291666666666664,Westchester,30.430555555555557,Queens,29.4031007751938,New_Jersey,38.0,Staten_Island,34.482142857142854
04-10-2018,Brooklyn,34.75961538461539,Manhattan,38.568527918781726,All_Boroughs,11.375,Rockland_County,50.5,Connecticut,23.0,Queens,25.127659574468087,Westchester,38.95454545454545,Nassau_County,20.875,New_Jersey,41.75,Staten_Island,28.357142857142858,Bronx,25.218061674008812
11-10-2018,Queens,34.06818181818182,Manhattan,38.97605633802817,Connecticut,7.5,Rockland_County,23.0,Bronx,28.702485380116958,Nassau_County,28.836734693877553,Brooklyn,29.083686440677965,Staten_Island,28.30952380952381,Westchester,29.4296875,New_Jersey,35.325
18-10-2018,Queens,30.395320197044335,Bronx,32.58786231884058,All_Boroughs,15.25,Rockland_County,45.5,New_Jersey,34.666666666666664,Manhattan,39.9561824729892,Nassau_County,34.95652173913044,Connecticut,26.0,Westchester,32.13793103448276,Staten_Island,27.416,Brooklyn,34.04089861751152
25-10-2018,Brooklyn,34.953446191051995,Manhattan,40.29355108877722,Rockland_County,75.5,Connecticut,50.5,All_Boroughs,7.5,Bronx,29.406928645294727,Westchester,32.53389830508475,New_Jersey,28.1,Nassau_County,37.52459016393443,Staten_Island,25.705357142857142,Queens,31.436681222707424
01-11-2018,Manhattan,37.335811247575954,Bronx,28.77339642481598,All_Boroughs,3.75,Rockland_County,18.3,New_Jersey,45.5,Brooklyn,32.30330882352941,Westchester,28.169811320754718,Staten_Island,21.610169491525422,Nassau_County,34.876344086021504,Connecticut,26.625,Queens,27.545558086560366
08-11-2018,Brooklyn,31.915204678362574,Manhattan,38.41158348736907,Connecticut,23.0,All_Boroughs,7.5,Rockland_County,34.785714285714285,Queens,23.599605522682445,Nassau_County,30.541284403669724,New_Jersey,33.1578947368421,Bronx,29.41053587647593,Westchester,30.121951219512194,Staten_Island,25.922680412371133
15-11-2018,Brooklyn,34.66405638214565,Manhattan,40.62951520912547,All_Boroughs,7.5,Connecticut,53.0,Westchester,29.69672131147541,Bronx,36.086423841059606,Nassau_County,40.294117647058826,Rockland_County,10.6,Queens,29.96302003081664,New_Jersey,43.172413793103445,Staten_Island,28.970588235294116
22-11-2018,Brooklyn,32.789846517119244,Manhattan,39.86923076923077,Connecticut,38.0,Rockland_County,15.166666666666666,Westchester,36.851851851851855,Staten_Island,20.47761194029851,Queens,28.18607305936073,All_Boroughs,5.625,Nassau_County,35.28378378378378,New_Jersey,45.5,Bronx,32.26620947630923
29-11-2018,Brooklyn,31.931404958677685,Bronx,31.054582210242586,All_Boroughs,7.5,Rockland_County,26.22222222222222,Queens,30.709059233449477,Westchester,26.82608695652174,New_Jersey,34.1,Staten_Island,25.98,Nassau_County,40.54651162790697,Manhattan,39.10960820895522
06-12-2018,Bronx,27.5,Brooklyn,39.95454545454545,Queens,17.666666666666668,Manhattan,43.9
13-12-2018,Manhattan,17.125,Bronx,28.125,Westchester,38.0,Queens,4.6,Brooklyn,36.22222222222222
20-12-2018,Bronx,35.3,Brooklyn,26.5,Nassau_County,53.0,Manhattan,38.0,Queens,37.75,Staten_Island,23.0
27-12-2018,Bronx,36.666666666666664,Brooklyn,30.333333333333332,Queens,53.0
03-01-2019,Bronx,36.733333333333334,Manhattan,41.430939226519335,Connecticut,23.0,Rockland_County,7.5,Westchester,34.04347826086956,Brooklyn,32.111881188118815,New_Jersey,38.0,Nassau_County,38.18181818181818,Staten_Island,29.725806451612904,All_Boroughs,7.5,Queens,28.585714285714285
10-01-2019,Bronx,36.45630081300813,Manhattan,40.27698185291308,All_Boroughs,7.5,New_Jersey,38.0,Brooklyn,33.70462046204621,Nassau_County,31.720588235294116,Staten_Island,30.484375,Westchester,42.19565217391305,Rockland_County,15.3,Queens,25.359504132231404
17-01-2019,Manhattan,39.957023060796644,Queens,26.78174603174603,Connecticut,23.0,Rockland_County,3.75,New_Jersey,31.9,Bronx,37.10894495412844,Westchester,34.55555555555556,All_Boroughs,10.083333333333334,Staten_Island,26.3,Nassau_County,29.4375,Brooklyn,32.04644268774704
24-01-2019,Bronx,37.21253672869736,Manhattan,40.28312379110251,Connecticut,7.5,Rockland_County,38.0,New_Jersey,38.51724137931034,Queens,24.466507177033492,All_Boroughs,7.5,Staten_Island,26.951219512195124,Nassau_County,34.85333333333333,Westchester,36.19117647058823,Brooklyn,32.90547263681592
31-01-2019,Bronx,36.45687134502924,Brooklyn,29.936486486486487,New_Jersey,46.57142857142857,Rockland_County,33.0,Queens,32.3575,Westchester,26.642857142857142,Nassau_County,35.82828282828283,Manhattan,40.15382841328413,All_Boroughs,7.5,Staten_Island,26.110526315789475
07-02-2019,Manhattan,39.391397849462365,Bronx,35.643956043956045,Rockland_County,58.625,All_Boroughs,7.5,Queens,31.008670520231213,New_Jersey,37.088235294117645,Nassau_County,31.518072289156628,Staten_Island,30.9375,Westchester,36.7027027027027,Brooklyn,30.945301542777
14-02-2019,Manhattan,40.521875,Brooklyn,30.193359375,All_Boroughs,5.625,New_Jersey,23.0,Queens,28.172185430463575,Staten_Island,20.366666666666667,Rockland_County,38.0,Nassau_County,38.775862068965516,Westchester,31.681818181818183,Bronx,38.59025787965616
21-02-2019,Bronx,34.08520900321543,Manhattan,38.88046272493573,Connecticut,23.0,Rockland_County,38.0,Queens,31.982876712328768,Staten_Island,27.548387096774192,Westchester,26.433333333333334,Nassau_County,39.229166666666664,New_Jersey,34.166666666666664,Brooklyn,32.522629310344826
28-02-2019,Brooklyn,32.01234567901235,Queens,31.588688946015424,Connecticut,23.0,New_Jersey,34.125,Staten_Island,28.22093023255814,Rockland_County,43.0,Nassau_County,31.865079365079364,Manhattan,40.854319852941174,Westchester,27.933333333333334,Bronx,38.18961038961039
07-03-2019,Queens,28.53448275862069,Brooklyn,30.509628610729024,Connecticut,38.0,Rockland_County,19.0,Staten_Island,30.326923076923077,Westchester,47.705882352941174,Nassau_County,30.755555555555556,Manhattan,39.00622406639004,New_Jersey,32.45454545454545,Bronx,38.72974767596281
14-03-2019,Bronx,35.55128205128205,Brooklyn,31.645424836601308,Rockland_County,75.5,Connecticut,23.0,Queens,34.38923076923077,Westchester,34.107142857142854,Staten_Island,26.822580645161292,Nassau_County,33.2,New_Jersey,36.333333333333336,Manhattan,41.57533539731682
21-03-2019,Bronx,35.297587131367294,Brooklyn,32.76575342465753,All_Boroughs,22.75,Westchester,38.38235294117647,Manhattan,40.867772511848344,Connecticut,22.833333333333332,Nassau_County,30.696428571428573,Staten_Island,27.257142857142856,New_Jersey,37.18421052631579,Queens,30.618351063829788
28-03-2019,Queens,34.36788154897494,Bronx,35.07624831309042,Rockland_County,38.0,New_Jersey,39.083333333333336,Manhattan,34.78177641653905,Westchester,28.86,Nassau_County,26.80188679245283,Staten_Island,26.012820512820515,All_Boroughs,9.05,Brooklyn,33.229828850855746
04-04-2019,Bronx,33.205513784461154,Brooklyn,31.161538461538463,New_Jersey,40.142857142857146,Connecticut,7.5,Rockland_County,43.0,Queens,28.07512315270936,Nassau_County,24.09090909090909,Westchester,26.86111111111111,Staten_Island,23.42222222222222,All_Boroughs,10.88888888888889,Manhattan,34.232488822652755
11-04-2019,Queens,26.19047619047619,Brooklyn,31.071428571428573,Rockland_County,23.0,New_Jersey,33.0,Manhattan,33.68269230769231,Nassau_County,27.214285714285715,Staten_Island,24.75,All_Boroughs,7.5,Westchester,21.0625,Bronx,32.076219512195124
18-04-2019,Queens,23.0,Bronx,43.625,Manhattan,22.75
25-04-2019,Bronx,29.4375,Queens,23.0,Brooklyn,25.5625
02-05-2019,Brooklyn,22.833333333333332,Queens,19.0,Nassau_County,38.0,Staten_Island,23.0,Manhattan,15.166666666666666,Westchester,23.0,Bronx,34.09615384615385
09-05-2019,Bronx,33.57142857142857,Westchester,7.5,Brooklyn,43.0,Manhattan,11.928571428571429,Queens,31.1
16-05-2019,Manhattan,33.705263157894734,Queens,26.555118110236222,Connecticut,53.0,Rockland_County,30.4,New_Jersey,36.19230769230769,Brooklyn,31.223491027732464,Westchester,29.053571428571427,Staten_Island,29.006493506493506,Nassau_County,29.178571428571427,All_Boroughs,6.5625,Bronx,34.42748735244519
23-05-2019,Queens,26.316901408450704,Bronx,35.851351351351354,Connecticut,23.0,All_Boroughs,23.0,Nassau_County,33.68181818181818,Brooklyn,32.4001677852349,Rockland_County,34.125,Westchester,24.65,Staten_Island,30.802197802197803,New_Jersey,28.576923076923077,Manhattan,33.12400635930047
30-05-2019,Brooklyn,29.166666666666668,Bronx,34.479166666666664,All_Boroughs,3.75,New_Jersey,15.25,Manhattan,35.33273381294964,Rockland_County,53.0,Nassau_County,27.24561403508772,Queens,24.33183183183183,Westchester,27.952380952380953,Staten_Island,31.341666666666665
06-06-2019,Queens,25.839590443686006,Brooklyn,30.235887096774192,All_Boroughs,7.5,Rockland_County,27.916666666666668,Manhattan,33.24917218543046,New_Jersey,22.75,Westchester,29.986842105263158,Nassau_County,31.85135135135135,Staten_Island,31.28181818181818,Bronx,34.007181328545784
13-06-2019,Brooklyn,29.164285714285715,Bronx,39.529806259314455,Rockland_County,15.25,Connecticut,38.0,Staten_Island,29.926470588235293,Manhattan,33.70583596214511,Westchester,31.189655172413794,New_Jersey,30.5,Nassau_County,32.50925925925926,All_Boroughs,7.5,Queens,23.828746177370032
20-06-2019,Bronx,41.76315789473684,Nassau_County,29.13095238095238,Rockland_County,48.0,New_Jersey,53.0,Brooklyn,32.75981524249423,All_Boroughs,7.5,Staten_Island,38.80952380952381,Manhattan,35.84555984555985,Westchester,36.125,Queens,23.683035714285715
27-06-2019,Brooklyn,37.833333333333336,Bronx,48.57142857142857
29-08-2019,Brooklyn,35.60091743119266,Nassau_County,29.87735849056604,Rockland_County,34.25,All_Boroughs,7.5,Westchester,26.0,New_Jersey,31.605263157894736,Queens,37.31818181818182,Manhattan,38.06849315068493,Staten_Island,31.571428571428573,Bronx,27.258064516129032
05-09-2019,Bronx,29.19664758789861,Brooklyn,31.591828478964402,Westchester,24.50531914893617,All_Boroughs,13.28125,Queens,34.11187845303867,Staten_Island,31.506944444444443,New_Jersey,27.916666666666668,Nassau_County,33.73039215686274,Rockland_County,21.3,Manhattan,38.461633663366335
12-09-2019,Brooklyn,31.582156611039796,Bronx,26.134738186462325,Rockland_County,7.5,All_Boroughs,20.125,Queens,34.75153374233129,Westchester,35.23809523809524,Nassau_County,32.848591549295776,Staten_Island,28.8130081300813,New_Jersey,26.166666666666668,Manhattan,39.09100529100529
19-09-2019,Manhattan,39.96792189679219,Queens,30.48639455782313,All_Boroughs,9.222222222222221,Rockland_County,14.45,Bronx,26.552934407364788,Westchester,34.28350515463917,Nassau_County,28.726872246696036,Brooklyn,29.710850111856825,New_Jersey,35.80952380952381,Staten_Island,26.32471264367816
26-09-2019,Brooklyn,29.80633147113594,Bronx,25.372623574144487,Rockland_County,7.5,New_Jersey,36.61764705882353,Manhattan,41.083109919571044,Westchester,30.77777777777778,Nassau_County,33.78658536585366,Staten_Island,27.46323529411765,All_Boroughs,6.428571428571429,Queens,29.358823529411765
03-10-2019,Manhattan,41.19430051813472,Nassau_County,35.847744360902254,All_Boroughs,7.5,Connecticut,35.0,Rockland_County,38.0,Brooklyn,29.688028169014085,Westchester,28.15714285714286,Staten_Island,28.761194029850746,Queens,28.0147347740668,New_Jersey,28.653846153846153,Bronx,25.038113695090438
10-10-2019,Manhattan,40.823076923076925,Brooklyn,27.970954356846473,All_Boroughs,6.25,Rockland_County,10.7,Bronx,26.31916537867079,Westchester,27.967391304347824,Nassau_County,35.54526748971193,Staten_Island,31.333333333333332,New_Jersey,27.142857142857142,Queens,28.893401015228427
17-10-2019,Queens,26.427435387673956,Brooklyn,27.76972157772622,Connecticut,23.0,Rockland_County,0.0,All_Boroughs,31.3125,Manhattan,41.54808444096951,New_Jersey,40.85,Staten_Island,27.044642857142858,Nassau_County,34.376543209876544,Westchester,31.85542168674699,Bronx,25.886168910648713
24-10-2019,Brooklyn,28.67722602739726,Queens,30.908816425120772,All_Boroughs,18.666666666666668,Manhattan,40.77790096082779,Westchester,34.1578947368421,New_Jersey,25.15625,Nassau_County,33.678899082568805,Staten_Island,28.36263736263736,Bronx,26.17587672688629
31-10-2019,Bronx,27.210603112840467,Queens,28.97248427672956,Rockland_County,30.5,Connecticut,41.0,Westchester,43.333333333333336,Brooklyn,29.42337164750958,New_Jersey,26.875,Staten_Island,27.346938775510203,Nassau_County,33.394067796610166,All_Boroughs,17.357142857142858,Manhattan,37.79981203007519
07-11-2019,Manhattan,39.943396226415096,Bronx,27.918706293706293,Connecticut,53.0,All_Boroughs,11.333333333333334,Rockland_County,38.0,Brooklyn,28.173850574712645,Staten_Island,25.13888888888889,Nassau_County,33.733870967741936,Westchester,50.23728813559322,New_Jersey,30.958333333333332,Queens,29.078167115902964
14-11-2019,Queens,29.939577039274923,Bronx,27.627959927140257,All_Boroughs,12.666666666666666,New_Jersey,32.96666666666667,Rockland_County,22.75,Brooklyn,29.91505078485688,Westchester,39.37619047619047,Nassau_County,34.417840375586856,Manhattan,39.39094076655052,Connecticut,23.0,Staten_Island,26.936708860759495
21-11-2019,Brooklyn,28.361928104575163,New_Jersey,38.0,Connecticut,38.0,Westchester,29.875,All_Boroughs,21.0,Rockland_County,41.75,Nassau_County,29.370212765957447,Staten_Island,22.857142857142858,Manhattan,39.53311057108141,Queens,28.237449118046133,Bronx,27.053846153846155
